ID;Prediction
S160.wav;1
S161.wav;1
S162.wav;1
S163.wav;1
S164.wav;1
S165.wav;1
S166.wav;1
S167.wav;1
S168.wav;1
S169.wav;1
S170.wav;1
S171.wav;1
S172.wav;1
S173.wav;1
S174.wav;1
S175.wav;1
S176.wav;1
S177.wav;1
S178.wav;1
S179.wav;1
S180.wav;1
S181.wav;1
S182.wav;1
S183.wav;1
S184.wav;1
S185.wav;0
S186.wav;1
S187.wav;1
S188.wav;1
S189.wav;1
S190.wav;1
S191.wav;1
S192.wav;0
S193.wav;1
S194.wav;1
S195.wav;1
S196.wav;1
S197.wav;1
S198.wav;1
S199.wav;1
S200.wav;1
S201.wav;1
S202.wav;1
S203.wav;1
S204.wav;1
S205.wav;1
S206.wav;1
S207.wav;1
